{
  "1": {
    "Height": 5,
    "Width": 5,
    "Colours": 2,
    "M": 3.0625
  },
  "2": {
    "Height": 9,
    "Width": 5,
    "Colours": 2,
    "M": 4.8125
  },
  "3": {
    "Height": 5,
    "Width": 5,
    "Colours": 3,
    "M": 7.111111111111113
  },
  "4": {
    "Height": 10,
    "Width": 5,
    "Colours": 3,
    "M": 13.037037037037042
  },
  "5": {
    "Height": 15,
    "Width": 6,
    "Colours": 2,
    "M": 8.5
  },
  "6": {
    "Height": 6,
    "Width": 6,
    "Colours": 4,
    "M": 14.0625
  },
  "7": {
    "Height": 9,
    "Width": 9,
    "Colours": 3,
    "M": 19.753086419753096
  },
  "8": {
    "Height": 15,
    "Width": 5,
    "Colours": 4,
    "M": 28.08984375
  },
  "9": {
    "Height": 11,
    "Width": 8,
    "Colours": 5,
    "M": 40.03840000000001
  },
  "10": {
    "Height": 20,
    "Width": 9,
    "Colours": 2,
    "M": 15.125
  },
  "11": {
    "Height": 10,
    "Width": 9,
    "Colours": 3,
    "M": 21.728395061728406
  },
  "12": {
    "Height": 15,
    "Width": 9,
    "Colours": 2,
    "M": 11.6875
  },
  "13": {
    "Height": 15,
    "Width": 3,
    "Colours": 3,
    "M": 12.64197530864198
  },
  "14": {
    "Height": 12,
    "Width": 9,
    "Colours": 4,
    "M": 38.7421875
  },
  "15": {
    "Height": 20,
    "Width": 5,
    "Colours": 3,
    "M": 24.8888888888889
  },
  "16": {
    "Height": 15,
    "Width": 5,
    "Colours": 4,
    "M": 28.08984375
  },
  "17": {
    "Height": 20,
    "Width": 9,
    "Colours": 2,
    "M": 15.125
  },
  "18": {
    "Height": 9,
    "Width": 9,
    "Colours": 5,
    "M": 36.96640000000001
  },
  "19": {
    "Height": 20,
    "Width": 6,
    "Colours": 5,
    "M": 54.579200000000014
  },
  "20": {
    "Height": 16,
    "Width": 8,
    "Colours": 3,
    "M": 30.222222222222236
  },
  "21": {
    "Height": 20,
    "Width": 5,
    "Colours": 3,
    "M": 24.8888888888889
  },
  "22": {
    "Height": 12,
    "Width": 9,
    "Colours": 5,
    "M": 48.64000000000001
  },
  "23": {
    "Height": 18,
    "Width": 8,
    "Colours": 5,
    "M": 64.40960000000001
  },
  "24": {
    "Height": 20,
    "Width": 9,
    "Colours": 2,
    "endless": "endless",
    "M": 15.125
  },
  "25": {
    "Height": 20,
    "Width": 9,
    "Colours": 5,
    "endless": "endless",
    "M": 79.76960000000001
  },
  "26": {
    "Height": 20,
    "Width": 9,
    "Colours": 4,
    "endless": "endless",
    "M": 63.2109375
  },
  "27": {
    "Height": 18,
    "Width": 9,
    "Colours": 5,
    "endless": "endless",
    "M": 71.98720000000002
  },
  "28": {
    "Height": 20,
    "Width": 5,
    "Colours": 5,
    "endless": "endless",
    "M": 46.182400000000015
  },
  "29": {
    "Height": 20,
    "Width": 9,
    "Colours": 3,
    "endless": "endless",
    "M": 41.481481481481495
  },
  "30": {
    "Height": 20,
    "Width": 9,
    "Colours": 4,
    "endless": "endless",
    "M": 63.2109375
  },
  "31": {
    "Height": 18,
    "Width": 5,
    "Colours": 5,
    "endless": "endless",
    "M": 41.67680000000001
  },
  "32": {
    "Height": 20,
    "Width": 9,
    "Colours": 5,
    "endless": "endless",
    "M": 79.76960000000001
  }
}